Month,Absolute Peak Hour
01,44.7826307086
02,44.7821852417
03,44.7500859735
04,44.6343016319
05,44.444023557
06,35.4677590193
07,35.3625086716
08,35.3538058455
09,35.4352943444
10,42.3485787655
11,44.5998838685
12,44.7216025042
