Month,Average for Single Hour
01,23.634537238308024
02,23.755378209240728
03,23.174024177993562
04,21.229366972079706
05,19.420597428652552
06,17.718527159018887
07,16.343367741458266
08,16.512882454279396
09,17.17187345593732
10,18.852658576198227
11,20.892558760128654
12,22.417287936009355
